ID,price
5634,12725.450346796562
16689,6376.298168616281
13457,11374.69588956318
4555,11365.917466352015
9726,9184.906402141658
10019,8592.091867344021
5859,7978.106638875678
11203,14097.332148617708
1586,7305.007902811084
7573,12490.087357956127
6809,9519.002299726812
9186,16371.251445133146
5168,11050.43157275778
11435,21019.233177832404
11567,16354.687120725222
14625,8838.098924331096
52,16482.47938430885
17386,6182.105250996503
9245,7285.321710387288
4127,12304.185519445962
16926,8253.611574168315
6802,10928.299099776617
6270,37189.2409156502
13339,32835.09518407622
2151,9586.00557606242
6579,12892.091978204933
7502,26466.236753625846
8485,14481.566124884268
14920,6182.4484197975435
3897,29764.43414738034
15233,43745.672289209346
15762,16079.382040683335
14473,8418.423188854393
4102,16795.08024420793
1787,34112.217882871315
12386,8173.975555928541
12920,9223.41191177501
813,12431.873938590074
12985,19768.318874694654
17108,5290.467204078304
6583,11125.971532899659
5979,12903.859780538465
11897,24303.907468005564
6719,23359.566224227
9193,12039.521999234665
14603,13759.209647637006
6760,7222.364648202407
5881,14142.440447487903
15392,9682.236793526301
5489,14156.51035431778
3020,3885.970304870071
15496,8662.645377812878
16724,7477.708683755323
6987,6310.668142123866
15270,11390.74716190316
347,17832.77557725077
1170,12911.43824915851
5494,5212.379522238385
14398,11926.031891210227
7399,33313.70182311681
13443,14094.3169349345
3608,14053.866891582193
6115,12742.20237114997
13532,11627.341035083966
4657,16246.298712503
7882,17368.020691426
661,9670.38085195694
12888,10610.550447087742
11816,22726.186347133444
6885,25491.389790590652
7310,8428.927502607532
14685,12768.952849049998
1837,6478.584990837578
34,27397.25429248128
875,9330.607176170382
13336,10081.815107244001
10674,5042.801411345474
9117,10901.229439005461
5370,6182.178005160739
195,5604.993798879598
8257,11199.279791787838
10629,13722.158432235517
13293,15112.875045165676
13782,8470.255986464541
8790,15610.807909210977
1380,9195.47028793894
3320,5835.917375865314
12701,13038.991559738763
13956,6694.2833377968345
2963,8466.76110869669
1160,9298.40242887413
1532,6261.6671065672
16230,17086.105907981553
17130,9246.55004793529
2340,26876.583989671588
9848,12398.948784394785
3657,19627.978898861857
17787,13761.266668344626
939,5045.356748204179
5671,18860.034843893725
8976,7597.980053675984
3668,18845.91700744719
12400,14603.481066709051
1534,32064.531769084366
3072,13935.856713991016
8817,18198.638012633077
8426,3341.545476852894
2293,10176.063467302805
15144,25607.54895865236
8900,8621.507410033539
36,8507.132267757717
4814,11304.522496008434
9883,5691.732654077189
14056,19723.54235113372
16841,16554.396615747326
4640,15439.091622056701
12883,7377.420882492625
489,12263.804684334174
11320,9306.091528435369
2104,8160.196213935215
8023,42097.40637658371
14345,6216.9368358942675
17867,16492.94538538143
7162,6611.738163195501
15831,11809.830463444252
13541,16717.464793278064
2233,16150.912894438217
11006,16158.300193152292
7004,21567.231474127795
1291,18523.67238287305
13053,4504.615989836052
4143,32285.89674184425
11619,6182.6039943951555
6140,12366.290839528398
9108,7978.113872768033
11671,13205.709298033122
7935,13385.400685806495
13015,6250.102191777894
13960,19730.939159221947
12240,6970.008497726652
15423,14184.747435261284
7259,31677.60527673792
5506,27614.594352875265
13249,6964.376040113939
15520,8516.562761184328
6534,8064.254419642436
8384,14294.372224648463
4493,23402.557734324953
2022,8658.993626124877
3051,17101.943594609198
4526,20956.236763366614
11177,10155.325714254479
11319,14847.758437138418
17087,11427.699133054693
17448,14151.731798917875
6139,9504.074862682008
5351,16670.973254050234
5212,15890.081654198078
15958,11203.302645154447
17588,9596.491774523392
13955,23536.892108700136
844,15452.465659337582
16153,12362.226476971713
8423,7553.931472443696
4344,21071.79170684403
7805,13002.68928141068
10706,10785.409013354916
10952,15088.891905402072
15403,9165.850642558846
15412,20588.332952811234
14185,22719.968347047336
628,14738.144405358666
2082,12599.582702291453
2001,18596.82893375035
9627,8870.564654064052
6714,11410.402343469535
17257,24986.533391748286
2297,11282.848159973595
10740,22230.805222531693
7295,7135.352880374149
2391,1789.0595218961296
16725,16818.355012616434
16209,22470.94462858065
15891,12468.408505655945
8713,8523.399080635962
16453,3261.429825764228
3948,11235.251626178208
2927,8123.861981149264
12085,9245.954079464074
16197,19260.161200730785
15359,15516.418727909884
16215,13748.213562630282
16681,16961.236505157445
11494,15136.396974031693
11212,15581.794162354334
4338,7666.313953968498
1800,32981.0472213323
9934,11342.311356207007
5304,17193.4389012005
5245,15908.893146514529
165,31879.849494884103
8809,15370.872573469484
3070,8976.033425123003
10696,18327.10804883288
15841,15624.088748576462
17300,8172.876048961773
16491,16083.255528333822
769,20901.860074947144
7435,7869.665333734524
17975,5527.993199923853
1088,14419.503978477931
278,9765.409112227984
12276,18984.640742085776
4238,30160.94852002194
8,7406.501811441322
7336,10371.089841760335
11984,9103.528337706513
10965,15866.17858483328
9432,19076.53516508738
12312,7200.285471699742
14656,23181.982009618823
1068,6545.031881454933
9269,8200.253772198208
14781,10211.115314903256
5582,10450.515105825021
12555,8019.466656010907
16848,13885.539165939748
16389,6847.006488471867
1486,17016.43055410012
7236,18525.07746822693
9560,16408.749231646063
10304,7321.939198771196
9430,27394.936237719427
4728,15268.249464462067
14872,7939.728754791886
15946,9696.869286813357
8581,35160.1483366724
15222,7712.968815340407
1557,12685.07049522916
1256,13574.514361154135
4520,19863.652760515364
7240,8477.487717224285
16283,5555.9476815555
15926,9468.225077339262
4400,8687.770002766867
4251,8907.7677592756
11278,14155.01130566968
3261,10578.08652439874
13986,11503.379828298439
9347,27216.216033825618
4842,7752.218460877332
14484,7861.094700234976
8408,33005.96168592535
16131,29476.550481989696
7396,7984.543756689104
4550,9861.951494458273
7116,11147.29680443734
10488,14411.16775653987
16286,4118.858631837454
9605,12018.65085324887
11034,7911.476149434534
17643,8689.65906704431
14136,28553.79491654101
11903,10107.280036398583
8489,26698.859134558155
15350,11582.329281922901
13870,5899.496413823125
11218,6933.145169343906
15886,6104.083152441499
15650,25291.943512832964
7172,16165.084463219826
16644,7117.267110646923
12776,14440.455763356444
1960,20584.11416480244
6193,16161.894175550886
2154,16767.32697390977
6597,7497.484661579037
14036,26984.81825835128
5669,13368.803086575594
17557,4533.515000873395
13466,8093.880424281351
11120,12011.84135564327
1042,9029.55598031689
3612,11002.553683929076
13235,19374.43879401117
7733,12065.631194972992
6166,9676.449037583987
14113,23708.88195223568
32,11882.35341474177
13031,13091.498510789055
397,7648.154531249767
7668,10594.380285191684
2486,10034.241407873642
2358,16625.11704018727
9841,10986.110731838264
11095,11316.07669505781
4175,8398.570760263065
8051,9468.15210603457
6399,8903.739590562594
15941,16980.53530389496
6923,2020.623830102793
16261,34748.14404422626
15276,21522.044184208447
17497,12873.416135984191
10518,32357.789467232025
9002,10737.049658062015
3744,4135.699955680577
17248,13278.686709216676
4756,7077.828780628359
1684,24803.194348021352
3203,14747.861093949543
3387,34333.33402386251
5444,7821.647611851684
10604,17831.13223553631
11533,4615.530165834825
15268,4831.695606370232
16258,21019.233177832404
7758,19249.761338326338
2381,11456.230058509329
16999,38436.27765367169
6072,6955.601691221686
15207,7945.003980473355
14990,23887.314927437368
13040,18398.753977026292
5473,7333.913751944651
248,7221.870406779418
16242,17598.149863313833
5799,9191.816120526262
11297,14599.926912145444
12952,7867.242221427214
3159,46689.3527027817
4892,15157.70775304125
15586,13321.831283760093
13250,5467.140742744773
14900,4071.0363231562424
3524,26547.51128390229
8089,19308.54280995654
3448,10941.643842149208
6352,36264.95139366436
10407,5673.649557949911
8358,10726.705954257519
6372,9641.79445913778
3246,7383.309237257713
10690,8238.762985514113
16520,15726.285312801865
12683,5368.284251525015
8880,9591.914185741962
8322,12775.24933027399
10340,18120.289762463508
11418,6951.181615340835
17133,9111.945031525407
10241,12616.728149033435
10345,11612.980571485567
6322,9375.60795432544
14456,17810.60122540726
8194,11025.050893943662
3852,4651.891809002644
8001,21637.402674062003
5282,15204.917061664974
17189,11984.248314901002
5287,21853.13420413623
17439,11740.690665659346
1762,9827.57807422224
17135,8827.34090530456
14657,12051.58536181058
11280,18222.22717675777
9870,5037.155286580194
12792,16618.32219099238
2289,8597.048494072626
6931,8278.019621237283
10490,8189.979564891949
7128,31723.564071339086
3909,9236.122432963117
17872,11674.669235552734
4659,34773.59878970042
5492,17383.434692242434
3444,11281.47855020724
1653,10056.174351905524
2536,16803.98075268969
16291,11373.729518783684
9845,8480.614397564359
5126,6636.090030456247
9297,11452.529672253419
12329,11027.54578639664
500,8879.2802266171
6151,5213.202210056949
12446,3634.4661469174116
5850,16637.563814904574
207,5126.27087968813
1806,27514.1282613351
899,11048.995469755777
4793,14056.549403157867
5339,11747.869319699881
341,14762.340182695392
17943,19128.866338038155
6927,16589.28349403889
12592,17555.431814476895
9399,7833.48311933776
12726,7142.165732201449
7283,9822.631121776423
8872,6133.136675486232
1644,10989.432734099659
5708,8003.791720625848
15771,4061.826583588394
614,10511.243587222823
2839,9809.495233725533
1900,12378.251633955664
12334,35029.938853583146
3473,7283.9770121780275
1819,7548.123777873505
16891,7693.6978960044935
11876,4854.059600855802
8376,16005.314689735249
13078,9763.523639525589
2121,10007.01402577961
10716,14513.730913553029
12804,5925.910732074841
13369,8366.478042845702
13883,20455.78905625322
12269,27744.984560225694
2012,9987.100108136912
12516,10098.600545600379
12374,8782.865346767065
14925,40584.70532358047
16624,14054.495440777202
9862,21040.47069938761
12100,15930.322161467291
5112,15199.205921569606
1779,9307.982164911495
9453,12905.009932194806
5916,7015.893827427951
16464,5191.567665988118
7028,8505.860350667715
14173,21234.86239440844
11856,14228.064048630122
16155,17567.895433093443
12308,31626.278040165686
9884,17982.69351234555
14346,23746.66387749735
17980,7049.637348963867
13377,10819.740370767855
13724,21231.885675197707
5899,13377.730330689179
11703,19120.46095446849
5760,36315.041436056854
4849,7069.602099879364
15518,14370.256354574838
13616,13771.293485117312
10375,10735.582959077656
16206,16441.678889007224
14123,12640.62129888863
17745,15152.071606670492
3579,6769.155324763605
16746,21573.626138755095
8487,12985.159901892865
15077,18793.844540492526
9252,9412.90171942484
4349,11486.867767828015
15188,12760.212374511026
16530,24524.542141965838
8501,14785.706118219876
12956,7355.573380976937
9377,18595.11220237208
7457,9689.528869327258
9982,14133.06015242247
11668,19925.947067402656
7634,43477.43624531533
15025,26419.211144600435
13808,16907.845613918544
12954,11278.653709668515
6640,14194.253811701914
16456,12880.428254867718
7029,15269.175268866118
16907,10212.337435358868
11084,12953.885422994668
8943,9618.000143766083
16485,19890.40319307142
7681,6866.576058392187
7507,36576.369802149995
13055,5922.489511582433
15000,24249.74612163308
11617,13545.813984629256
11495,7396.134999828935
367,5054.299250514197
6238,28263.10230193673
5103,9591.412079833679
13834,7766.321486781365
16336,5422.000358426843
11454,23316.145181254782
16008,13356.498331056298
9781,26636.09677114845
4988,14686.525881677173
2364,16561.173364583763
3761,26892.39364308795
3074,6293.153504767165
7134,8674.82393209993
7853,15694.854782818951
15896,5319.544462732366
5266,15089.577955691924
17949,8333.744898343492
5048,13986.847673954228
17183,8450.587098491545
9398,15682.707504632754
15032,10132.07362477922
8585,15728.711283185767
9203,11466.637246398106
15029,18544.27409411091
13556,12341.706578257097
14258,7335.033880789436
1830,11552.595490418278
16440,7481.8715425019245
14661,12890.563344435359
13188,7061.650705274297
2447,12611.868857810645
5656,10444.864540762917
17760,24596.371708981394
10755,14175.969492658302
11014,11320.861546244889
8492,12285.663651891933
4485,4410.730855640326
17990,26236.08489977007
8291,10646.396018133924
5286,19286.31462507851
8299,13571.647344467032
9268,19852.455250222312
15513,11216.250134011096
12945,31381.662568171043
17042,12187.430187073536
5070,12328.012555722053
5166,13309.846644807005
829,9164.456028306622
10611,27235.03046586045
5776,14403.883264308277
2317,4628.3574701797015
3031,7710.22686124461
9891,8418.380369792234
16970,24465.755172990936
5199,7022.027232856573
7051,11223.794728891997
6826,16352.057874205115
16807,17848.513898250978
6854,16028.63678852227
3982,24522.539262618444
10459,6924.4618178602395
17483,4756.02206768381
9693,12964.029901657863
11089,8221.652405222989
7187,9956.731854455666
3171,10620.43825799812
2779,7395.298771169288
10213,10796.138148357904
8612,8674.945212817074
15472,19549.527143828993
2989,16290.07160730594
15246,17614.21114409627
5615,8018.399509549122
17153,7840.831568090893
7440,13032.091610574811
6315,17794.631158923483
17209,5067.968423927756
3176,6505.314866777166
16762,15646.401328016696
4116,9992.033291490598
17551,14403.883264308277
9141,34513.84820508606
1727,12703.343560463536
7219,24526.4446114953
12198,30985.050083570477
14219,10321.4983896167
168,44338.269822995375
259,12568.640512571104
12049,18230.45771868443
2534,24092.092563947448
1631,19064.27164253702
13025,13593.278826322003
17281,10542.894193073744
9352,10558.351114353336
1067,19235.276761438494
12302,22759.18101666052
4527,11576.908359666657
14406,12618.27390187617
853,19130.083844782832
9818,6327.151163114333
14067,20606.95637816129
15112,14808.271821066608
11308,19174.022248764646
9683,25215.282586208876
6970,30996.168425180527
3460,19806.059041741013
11560,26588.93092524699
14071,17468.33946817101
4704,9822.132823246111
5113,6807.97825951185
16829,8814.030724173703
15334,13362.749733563329
16924,7008.218368646075
2917,6974.162756915802
4203,7210.9478480352145
4068,16258.260157786563
8164,10256.868276901749
2985,9729.176975142553
12450,40535.73712134346
6358,18123.40195124047
9132,12122.419768354835
14885,9681.666917024404
15486,18426.380003670653
2577,38697.9788138946
7900,8412.443150841435
2609,12013.76075284194
17843,24964.37414156426
9837,7699.731929590991
8972,19676.753453358506
13736,11446.681560849027
13846,18164.264566624548
15718,32690.791829010777
5468,11822.030258325789
15776,22361.155272521828
4390,6848.069427250069
5624,15312.779799407768
17663,12043.582109332261
3736,14848.156559352095
14992,25043.52554327624
12546,21015.649126823868
9499,20612.924740521245
3544,9493.93352393037
11067,10184.21151422452
4019,12914.916258564
12702,22925.99919163794
13582,12077.627265733217
13159,6793.516674377892
17566,17541.464432948807
1848,15063.981901632631
14826,7776.442446249867
4403,19083.376179883526
10795,18457.40989046333
4957,14156.673769183762
14205,9610.703477604739
13131,14492.079576196084
8921,11229.030479256044
14093,13041.22578772413
2108,35622.82628168226
2412,33105.96980090676
17929,7156.132944273198
14504,17049.00385620413
10436,15231.745087450317
10005,17156.368045589177
4762,5386.213878594538
1641,15447.050981351533
12709,10645.766369488874
8649,5828.636842618154
12033,24791.51519484542
13156,11692.908974913697
7607,7077.635728434342
14841,24162.19409425246
3037,8539.452452721993
2707,5676.372755730211
7491,7174.855447239351
11387,39188.66846760313
12992,7853.128487139376
1535,11452.29544468941
6308,8363.083866392823
4160,15160.927188070385
5848,10432.513104527474
6023,23476.772804597393
5565,17343.263447279052
12367,23184.354383070593
8461,7662.061405863441
15736,16457.551532763628
13155,20592.223938131436
84,10685.21286161192
5392,24438.143527890927
7076,12581.237634277593
13945,20179.428178306684
12870,16067.967384278581
1383,16466.0402577664
4209,32650.24415264866
10505,13281.554363002833
9179,11945.993833717375
4264,6655.656216292062
17318,8318.507054336316
2281,5589.203561868289
14574,4764.61012987981
12278,11922.818711544298
9012,9275.115919417229
16527,6688.638375710469
8147,6329.719745196869
17065,5160.243796177357
1989,9094.407394453543
13469,21428.85073959483
17019,18762.47539988199
17262,13691.850967070524
12416,9577.974328367469
1125,26807.33960195014
15290,11939.48037880818
7824,15645.853401501956
11322,14136.840960103258
2407,23581.5870240841
12494,7995.011714478783
12420,19004.261887127286
11811,12663.65455562796
4545,8649.121656715775
1722,8596.065103293753
7197,22966.49818334071
4949,5859.575724992137
16733,15497.675642809258
17818,10520.870022216788
8400,22127.411851673543
10116,9517.177650058653
293,18669.464033644505
11794,21695.489077368697
6778,24844.621400097945
16045,10049.175789444818
16095,9193.738568921788
5751,4883.395433692453
6921,6504.264874762652
14226,9398.363349724705
8338,8970.916974685608
17906,7766.321486781365
17849,5708.011816630244
3995,7608.476581093443
3955,12548.30921802461
7085,14744.500195926827
2850,15144.539240405662
15783,10897.853694347137
10715,19366.167224608926
4126,16181.921979520044
10419,24280.255694110456
11520,16070.701833063895
3445,13153.968438808564
14444,8102.805950183883
13395,26785.35394964236
14385,13125.05015500733
7120,3011.6089768956867
8522,13767.40406231793
8352,13288.030136019495
7577,16537.518184368106
5944,6304.3738762290795
6080,15012.04262078112
15146,18280.70934809294
17283,7146.42549602148
10376,17365.512439441885
2602,23904.334910988953
17500,15128.50691673226
9591,27343.54420175145
5144,12833.875689050303
10290,6242.6156539056155
16673,10332.575575458688
9197,15777.479595259007
7060,12453.711102818668
1750,16586.520116446147
17175,12787.501404467183
15214,10168.845779722422
3828,11493.520041031416
16940,15097.259587162136
8224,25936.251361608614
11429,19594.390468220372
5740,9507.461770122527
11221,7002.416808118747
12183,21355.678867865878
14524,13549.90202571259
4101,7648.129311946603
7358,9196.012493171625
6165,11838.073166696373
2986,20813.472583533552
11576,7561.621046825667
2523,13595.595053742973
7804,15764.081870398331
13974,14698.796288839634
17574,8061.577286718737
3119,16511.58171747298
8037,6642.420305983292
2422,14319.60492094037
7934,23260.329791000207
6635,45216.22333193775
1979,25333.300941212132
9070,14889.843121319065
396,17123.569495905682
8114,19147.55396944598
1606,3264.91966168523
12924,7476.425492083365
6893,12891.183414406185
2665,18884.515411584034
4159,9036.416845447555
7928,25059.610925769546
16200,10639.821136562965
11825,11413.262883199332
13570,11247.197299906637
10172,8045.541034216787
16766,10211.160542135078
3077,3917.2487017250196
9517,15694.171615441386
618,10129.68348346326
4500,10429.556436623623
2254,11717.302140263679
9448,9458.929790506716
5846,6022.997286943792
14116,9033.01657563353
10596,14823.674614351372
10064,36483.49758427208
15257,7286.791656009519
14888,6031.298167752959
9867,6349.522310936031
11720,31968.24979329402
7150,4824.14157495319
7669,8742.76300347341
17999,8125.339089018714
5688,17628.712482797542
15990,24195.81290356412
15846,37453.70223847471
2201,20880.009816607773
14602,9287.981857169534
1890,16188.31203831044
1648,15916.678064897565
8587,21832.035936623044
7497,6969.577679174616
17597,7351.463463923173
14845,7570.431113858203
9139,17877.478944729446
826,11514.550509310844
8440,14512.503213420983
3631,9045.705148932895
13999,14974.31314608146
9667,8682.12129885984
15434,11732.88099885775
6442,13576.16750406663
16194,10240.147826579854
4431,17040.328314155682
2181,12835.977566883073
3682,30092.197682314978
11358,17621.423912492945
5190,7638.5229775847465
14890,13040.359287489136
550,12091.917084370485
8494,7946.8834466872995
16125,6720.465278166415
12841,17061.166026446645
5549,15435.432604902298
10927,6190.525232445348
7881,32585.539404415766
11677,12117.053693816255
10148,6905.771281465093
9559,14572.86800284962
11385,8996.642062655781
14778,16061.321537998461
15286,18136.766944054492
12377,28642.246675048333
13421,13631.999678323267
17504,12641.46152469774
4278,7905.556877935184
12123,5005.970508634829
15436,15880.144526591053
1074,10353.280570751867
10816,18613.64354172789
14278,10610.258888640039
17461,27752.494644582028
17289,18183.29366186772
1625,12188.80941360671
16641,8022.170873422664
8413,11557.642255375658
10907,20132.18939844291
15739,16754.618131489042
5522,7393.36024905
2746,7043.664404200898
5727,8738.272978562334
5180,7429.536042258463
7489,6306.633124306667
16,10892.042795413308
4070,22603.25504313312
3152,22977.811416937122
17304,16470.304193095068
16340,3798.539314263439
5767,11923.962016577927
12794,16203.568658866876
5014,17390.278460301688
2291,13106.837684832202
11743,24734.467497450092
11513,6971.770701652847
2521,7730.218794693373
8638,19532.51959816347
6961,3668.1898884504344
5440,8414.733637944133
10088,9770.783045890246
13244,21477.497818545966
8508,5583.863012235697
6504,26903.69499227314
9552,24105.70791532201
3286,20633.283566896327
6722,35613.14359113491
5324,14294.53334661219
2943,15475.289891113203
10153,15332.666348842326
14433,10830.886125777732
16609,15941.166424751229
15117,21697.926744360768
8575,11305.110320426638
10291,26203.938919612498
12972,20834.18956038127
2949,10261.321437251067
7741,15706.267708356594
3581,8966.043368888477
16390,13628.419921275614
11374,8357.460953564465
15026,8695.996701995653
1827,15932.132779925943
4488,18414.474623221464
3808,10872.678581232243
3578,36813.884511126686
10312,9260.245364164946
11738,21820.885465966185
13862,27458.194987226474
8008,14011.053708198848
2747,19251.430940584
15655,9410.243672769722
13963,10599.387894838737
9493,19107.00043989905
2596,12519.881632341816
17587,26272.918457102845
2309,11513.807914876726
8053,18237.411363598796
4003,8834.411894110319
11590,9122.138486426365
14683,22773.198364193086
1910,19362.03283934569
4016,15092.227594504637
7086,17570.04398074054
6147,9611.378284830897
16987,18958.32813412463
16223,13720.639358447863
3370,36122.09312394011
14143,5362.453810201047
12964,12911.632280793398
10834,21268.422729386573
1539,16768.920353834834
13880,8249.693408986474
11573,14913.349480240924
10517,29182.53604434732
10731,6378.27382852529
5826,13629.16172131924
2223,20517.991993142736
58,14133.817737063731
12222,13005.202649220708
953,13566.966594574718
7869,4780.583423389383
7619,32252.17300031123
6613,15494.20261287239
4675,6170.87892135549
13060,10798.881562770346
5990,10021.223163909619
10574,12472.334831315608
11456,12175.689103848732
16692,9947.928644943826
14238,11728.630357584665
6678,16925.45501719113
4098,8548.93318749071
381,11332.169888391667
14923,10353.663926095202
453,13445.613516155363
1594,7606.652050440016
3153,7384.625307043577
9440,16440.615724521176
3825,13207.436776130238
3319,12366.886254866742
11641,13442.74388378119
12728,18472.1178818435
521,33363.654356711224
838,11036.616757327041
13505,14209.506323162863
5363,24427.47861021727
12496,9116.34726908026
2595,10124.361897657089
4233,15475.132746884554
15517,7969.016685414114
2194,6196.192703472151
3193,13084.930970471178
10061,11811.032269716376
9506,22649.95679738311
9637,23678.135218623906
16798,11980.044682789592
15339,18527.87229913409
6392,11448.296160455893
13209,15895.133896609344
6693,12385.381970850607
8541,8643.563337406273
5507,11802.465116028423
13557,9863.579444689381
5564,8126.740845313202
8906,11076.716603517589
3182,9538.919617267195
3857,20111.50762457036
3644,6673.536390928094
6192,15845.780284996752
16035,12975.41698251516
7260,10278.889092569401
12503,17132.87473455788
7347,16862.375019520427
16268,19821.8789605209
16594,10573.767369219691
12341,24014.191820456843
7625,13927.392457322432
559,11728.914664504804
17454,12681.85331754424
1364,7977.4321922542695
10242,8074.446751734082
2044,19749.108740708496
12847,28544.865975516786
90,28579.381839436526
4047,6002.63082972586
10670,9815.450296822619
11770,21095.819411543518
8988,29128.38037467205
14341,10427.572328887081
15181,10338.915577018957
1232,8988.561093985958
3495,13340.788097527968
15478,8717.122617894394
8739,9882.291182910309
7338,22760.806537783836
1333,10089.613476151813
15587,10425.357467107135
9485,6488.998620006415
10199,15943.488563847659
6601,37168.219139902474
9676,13896.71398708867
17234,6718.914161317237
4776,16086.083140005103
10623,13666.878495751054
1347,7492.944666971749
5026,7338.494375324265
7852,8173.535059414036
10955,10742.086100263346
14389,15417.016373956723
6811,7773.540614097423
13649,18694.392311929525
17459,29075.77896975516
6403,16557.185461577992
12432,24423.829056589053
7946,8843.098623958187
531,6021.5291446208885
6331,11010.197213215379
10070,5189.974386138594
5910,31424.73940552105
8572,16549.373662587772
10456,11379.755913649631
2205,11968.948926362375
10709,10903.046446451013
15559,11520.536804603573
8491,11961.100719551312
10810,7390.680552648055
15683,9735.853437167405
4548,8189.449642215862
11584,10983.399503428263
9763,11655.933389322016
5079,21565.345591693815
17080,13281.435812605707
6512,5445.934539770156
4624,10531.277391301546
8735,13349.656363314129
12540,8525.349776725767
8383,29903.381308847678
110,19371.625998704778
5345,9994.598426372486
3832,10559.574825778927
5272,11697.638905722897
6946,4722.577111687342
12965,12410.337887733469
16541,9443.921258354376
1196,13398.52358669721
15127,21122.335074849714
7569,22224.109680003647
14842,10481.70235641119
4618,14303.42202077772
14684,8731.218383650545
12597,10387.597715982749
10470,24821.20328427929
12224,10312.905530587608
6793,6869.93829069723
7155,27076.79457332358
12188,19025.222640300282
3924,12631.868945586375
17724,18076.260948397172
16971,33476.34512883145
16438,6391.379844538121
5608,13471.984592012092
15192,20469.423986389607
5713,7689.012635354441
14106,6406.356027703457
10244,8061.923968555922
9804,9579.41507381306
6920,8515.753167288798
9875,8027.68029851822
5095,13074.79651710996
2360,16645.199459798154
5071,8932.319627355453
4217,23584.02344805049
9417,-361.1811218095403
10355,7656.296095582922
3238,10452.58426904255
8841,12851.224465062305
17672,5288.58243094224
16993,16955.140424568544
16287,13369.022098887037
15686,16666.816235890503
2132,15159.49090437174
16454,18072.043185133567
6727,15055.979340230913
16618,11272.643661279124
15438,13063.795701710198
3374,9297.230727528506
6255,9998.881142478767
2076,18586.63430894204
16056,41245.83248317937
2531,11677.432466078519
12095,9076.81378848714
15461,11973.802482712117
4791,1641.137379641991
13075,6861.381287609512
2266,10645.666243549456
8191,9616.678609753206
14451,13815.164367354022
2077,6107.836944445058
9593,25874.2991953045
16789,7405.789083957799
91,19017.110169699718
7471,15465.536118885808
7344,13714.042128771116
3356,23446.456495267536
12855,4448.804421720609
13547,15908.777590996944
1514,15804.873252937685
13654,12209.736391472994
7023,5149.54151768804
16392,39266.99071181695
9045,-249.8328375568366
13530,29957.497061144404
17966,15269.35265450172
9113,12860.273027206837
16422,5747.568709566882
8078,17636.481742482934
7063,35614.3989082311
14420,5191.3316795355195
17399,9429.44637681767
12805,13343.90177462167
13794,6510.731057829305
8269,21800.86499431356
189,23317.640403706017
9871,26465.775323845108
5496,10074.390187324947
5160,10993.310111124434
9218,20010.63976460541
16136,23825.170477092972
17064,13576.008596516831
9661,19415.492696030065
4393,8668.813171535767
16705,10285.940242029936
5611,9642.483551002522
4826,7592.710895410927
11678,12886.355147659564
12757,9427.848153924464
9950,22203.27203096661
7492,24287.37185841069
1236,27822.031490016747
3009,37772.90831341728
6045,20752.352669132433
13487,15286.836099014874
9996,11863.66746953328
9790,16286.680583716681
8074,15340.207327838778
6079,25867.054364111962
6019,9105.639905284204
13062,9074.50716264222
5968,4050.863128614014
12566,9956.831866560871
5883,19806.97434952806
13130,15403.50874089826
14707,10617.269066160574
3785,15555.923913834642
9522,22918.799315170516
5554,16999.795179117966
8307,14616.54190514022
7478,12192.372161213834
2477,21463.53839781609
1917,29984.050992506025
2413,15469.501345805656
13749,11957.245688435481
4299,14456.329794005203
11057,22853.968810177277
16763,10792.085944270222
1089,15786.989085663216
13010,13625.543583529065
7603,16128.779473492243
3054,12892.09226569915
4321,30087.917079102477
12333,13022.50251471113
3776,16401.203471122317
4775,17325.26503170582
14611,8016.484746631035
12542,7357.8550685489045
8470,12913.60997098555
8786,6403.702882935132
12431,3812.11197531266
7461,15724.793634862746
13133,3798.110307887747
15967,8147.6471765211045
15989,17461.34649201354
1202,11939.708715249024
6574,22093.890359681118
7942,9161.899259780255
15693,27886.69814442141
12288,24474.913595831757
9729,9174.363905621456
16898,7344.0282907155115
5629,14972.536530806716
4621,16034.005344174764
4899,32005.371176666584
13871,18977.197473168584
8140,12490.577197062474
6578,10221.076062389886
13499,13166.432217182024
2710,11750.335894985023
14320,10966.685789199051
4983,4251.857931145496
1075,21949.63537960453
14157,15068.01457623545
17438,10216.955053410435
13349,8426.234958037243
1461,39479.2197361486
7960,13090.105713000152
10640,21937.725280432584
11004,6598.486853524898
11721,19678.668722960898
16691,9404.779937871279
2848,7408.119789418942
12974,7825.004582351444
13997,8882.013599690132
7263,11081.532786648819
15066,7789.122169044258
8355,7215.164993798448
10934,18196.06016858066
5096,17621.843851335714
1243,12235.041711256965
4598,18897.60884851513
7289,21879.751424792456
2992,4033.4338693059326
3165,36866.698582403624
11893,7978.0202643581715
8333,9665.00370160431
17676,17919.9219778355
7278,17479.43551705055
17474,14016.764944558092
7066,14173.829198717622
12917,7202.124093577219
13050,7191.17606061596
9325,12965.192501453892
17548,3425.787802023323
1851,8282.998374800049
12849,8236.978630083471
6053,8605.933536491875
7337,20998.351530718817
16711,5062.392468311823
4314,16496.271798222726
864,16065.838077177763
17191,14953.074709553106
9137,12188.079228743065
9383,11533.352284855726
17468,6317.532756549372
15824,17136.919471154586
13543,11107.0771372449
3938,7138.665562847005
9857,10627.03226887264
4401,19405.34131513894
6047,13519.901382414888
12858,9661.991592089855
4307,11184.068443792623
9379,34547.02310873538
10948,19424.931321145184
13479,10227.952043821944
6034,14080.03424934101
8086,7752.208114117942
2760,12768.632390593251
12717,8044.733364721176
13793,11439.829083714036
4145,20614.849671438566
15389,9052.120195915344
8317,9822.132823246111
10557,21154.57893913972
8828,26058.151791552587
4801,8975.825357520245
12156,24287.37185841069
16270,12004.900270393533
5686,8756.099549463977
4656,6701.420172513752
14733,9719.545171420252
11535,8258.456744689538
4712,11460.425912835468
10229,8471.742685458317
17056,16973.00051609483
13014,41241.9071409139
6292,10321.936614780625
11669,16624.760837159592
10463,29887.530508763597
9078,20062.171770856112
2635,22742.32581352115
8689,21113.55712951669
14466,12672.78286364087
4021,16858.783608170972
17335,13832.230509510935
1692,10631.214381139662
14747,13258.782185013935
12809,9322.967056771986
15584,9295.314312942402
16277,11470.939323074304
8106,23034.03655149716
4152,21685.69718363025
16250,14424.321387367996
9032,9310.57071230527
1221,23823.632948320486
5346,5993.613494625584
6943,18271.022458796637
6209,14044.10683541173
16012,18248.67166311757
12994,8056.80606462832
14490,8241.580501079367
3637,16797.24320038462
9187,13015.510920069351
1311,12625.255653517448
508,7473.978958377376
8656,29033.687072167722
5187,9623.552121206976
17968,18446.452543999872
12782,12903.635557741241
5308,1349.400331657426
15672,10482.342438182977
11282,13981.947555653378
17758,14907.886929636372
2501,26738.6998068048
1181,20356.23007922246
14308,4722.577111687342
17324,14290.442264500412
12723,3013.6943957681906
5841,11620.54012710702
17137,8318.059854102352
1998,16610.177824464306
9310,11376.649218003022
966,19304.664670664406
527,11542.187624163469
13718,12625.933742824147
15660,10560.642109088625
14279,21260.656626196516
17507,13495.203980363844
2987,10436.88832086822
14035,15758.12086697472
9609,17295.904075123366
4805,4653.442932475509
2667,15999.770623149638
7864,18275.584597563105
5768,16849.203752811507
12982,18261.899464271555
2102,9034.652651858889
7553,6524.932509648521
16606,25768.919377439222
17732,21274.72411729514
12541,28996.351477457305
16915,13582.167916881026
9446,11795.571346343091
15183,24575.12743688194
16679,12536.524450387591
5141,15042.84989437055
12145,12829.18720079025
15688,17974.494162393912
11634,8747.867857167132
12584,9436.534779635867
6554,23088.23424035351
13936,11253.335989840585
2401,17677.77192190528
17416,11920.08888642111
11751,20249.375486250654
6976,10151.8696967781
6664,7022.027232856573
10593,10347.302755214474
2876,9720.441900631473
9885,4447.993680293216
2155,27371.33858993802
15558,8464.272667700034
10084,8508.765462414482
4658,10149.538515872287
2484,17886.195682725094
9673,11887.48695449729
4288,14659.568366323208
2298,12091.920447393217
12402,12848.01080707865
2529,26031.334400091466
5002,17153.681184877754
504,16133.513071221587
4930,22852.997626632674
16532,10924.69311409017
8717,37646.61504665787
11986,10274.195746048583
14667,8069.435858556697
8276,3652.3439035507013
342,20683.363184571834
4407,8859.484748016088
1224,9922.838336601833
9712,9129.694281715612
10693,11634.176532832169
717,16463.264995273206
2093,13473.052859085026
3292,9642.242988965261
5983,17113.74590750519
3942,11349.956988277407
16730,6181.235008331477
17753,9286.745108670122
1965,6106.493068043352
16265,18081.34420203013
2761,11189.877059704542
7521,15695.686420481974
4918,14146.857840963572
13000,5064.854641113388
9470,13083.316563333192
3751,7773.879973717725
17373,15235.564667140508
4509,25041.90823792255
13306,7052.07147360173
15371,9122.967593781115
11300,26784.166495158668
149,7519.998012139736
175,24506.721023069862
14149,5532.185576938332
9142,5679.477572586785
17552,13734.193768558678
15746,17952.452828782236
17487,7920.851335298483
3801,13599.835754540974
16978,4574.250844461366
8835,9376.24369152915
2634,36251.06141017522
10107,6828.9157585435705
3199,14044.109503448504
3194,42564.434684217245
6978,7140.304727438122
11865,16823.524709287136
15198,6511.05864413477
5173,8831.895953987047
15419,10333.621226716696
12691,7042.61065769904
2981,10996.528899003006
2732,9951.284753879101
10974,5078.730369137576
12012,16286.192272800881
1384,16131.36389458221
9102,12913.609379444302
8684,7808.35104846192
3343,14718.879097209707
17282,14311.233681431597
6656,19468.98452508814
5815,20687.831304302475
6176,30436.845007523036
12294,17224.049239660537
7077,18394.92601425388
17934,13467.186987487996
24,7458.0889960322875
7738,9178.607726562728
11017,13832.364011007163
12656,21440.40608186588
2658,23744.747710087726
10840,18213.958180698908
3811,14607.132436920838
12090,6485.303373585177
3048,14633.558697905453
3267,2562.420304209556
17107,8448.457379477157
7070,14754.195459632487
12115,28870.617487581785
9685,13288.030136019495
6353,16093.541807244914
14668,42358.358056550955
921,3635.315049848665
1371,6401.984578442713
16252,28815.159174086817
5817,21106.7020273487
16279,18729.309733185724
7751,11033.163933300317
2474,11564.383308943266
5161,18453.846078582956
128,10809.349225358364
8691,16653.43716023748
7802,19927.16499093937
9279,10164.103263533247
11829,10162.23636077101
15939,5059.561792953047
4920,16238.071216520571
8430,10043.251736222182
7839,8195.555266464344
11026,14476.694901237968
3257,8255.536561217159
17043,5208.287997809338
3282,9793.62677082897
1679,8567.780443942813
581,6805.707791710171
8071,35698.9616517887
6233,10143.088785258004
4141,10335.237839616462
10910,9307.07615970876
13764,29670.081287549732
1365,7448.4906906081615
2085,8765.05805794493
13759,7829.979316275265
7331,11736.586563340215
2307,8665.76574235012
7606,16434.425926868236
9788,26747.941707075483
11411,37113.65284115203
11419,10582.48466921995
5798,22413.74147071324
9178,6882.225974535276
6279,10894.022279175844
8417,10530.724469059911
15139,6589.867712869472
2792,21328.074101463386
16100,16395.95049239467
1214,10181.080408389364
16238,6843.819204274003
7987,18044.716116990272
13951,20199.231086240692
9902,10513.413290223276
11232,8454.28592308278
15937,25443.785979155888
2376,11785.669925806995
13563,7357.6187303376955
5232,12790.978580348035
9164,21008.567212845486
7974,10629.292238394859
17170,5659.815252573048
8912,12763.689504780617
16629,4387.340606392644
16023,5994.849506192869
14915,9037.499830095829
16666,12992.849810734358
17101,14260.551363273706
6190,18998.08488470288
4771,10305.031254984013
6502,15387.923642730431
8926,14686.237803503058
17954,8998.76525512123
9771,31568.656592454838
4291,23796.6659422821
2603,4506.022227496977
13572,9443.445983828959
13735,14501.226997473443
7583,12583.755556186978
17415,6234.032313672053
15758,7954.413847835828
11024,9290.098910129778
12326,19371.309845620373
4435,14512.64997462548
10879,13902.210748222786
11305,13618.771888425195
17598,11160.091889383928
11087,15326.736471434171
9134,37132.565827033686
4832,24712.772284416165
10580,7594.856401004933
11675,13501.046543599128
13263,12521.506705269467
15743,7283.485519064032
16132,7847.628414602763
12426,4796.817352376998
9941,10734.55992381403
12506,9773.078282859393
7891,11791.835758253552
11800,18102.985076323148
6936,17438.102446684523
7206,8288.826951002078
17222,10852.097823802273
7322,10480.05653956294
9136,26473.710970635308
11364,7472.998794084193
8232,23261.126018426563
10371,11753.090543174
15227,6966.487950638008
13599,11562.369016755727
236,13310.43706734998
385,10045.470929480454
11626,17162.106820599944
15912,18027.812123152456
8482,10878.874429098101
7434,13559.784368181636
5083,5203.5092813627025
9222,11115.744791424702
13575,15698.928874247904
3497,6494.208618034592
8628,11076.730537814168
5588,8441.431411873818
6706,9829.968645469962
17106,19471.798009396203
7437,12078.410610111081
16722,10229.349515661417
9764,8864.409581641637
3201,7187.377383177977
1581,17043.398243603617
12292,29353.677331886505
9387,15960.387601614966
1956,6618.632712518332
10365,43477.43624531533
10493,18095.94811023159
12045,4892.123981568536
12003,8901.662451407838
9260,11891.620153654709
3274,11102.47289572893
6377,20259.644735457867
17722,12328.51381265901
12028,11919.917142971457
10966,10663.178615286159
3960,19493.840374645315
2744,36009.35781808542
574,19560.527375428763
14556,14152.621173466463
3306,14844.054947535426
1457,9172.097156420523
12959,11438.603733568008
4425,13382.973740356214
9019,21413.909822646106
2263,5006.3381635280575
10358,16602.95294110032
15164,32934.025549097765
11714,17903.537148278545
10750,9176.257911240904
9948,22873.57936609859
16488,14707.780768985042
8087,2487.1558522498
9014,10176.773894914035
13267,18086.696029229115
13589,21742.53737552289
18016,7328.934084616491
9129,15050.65571026699
7545,7847.386527770435
7139,5811.030728442675
6685,3463.575200731435
12596,14288.414888984275
4695,6689.64718473667
15220,13120.224892465027
8889,17424.554738048424
5194,8939.323291787961
7504,16800.090002834695
6362,20319.753597356426
5793,8337.406620240708
8196,6819.940301471191
7053,12306.573713502952
5122,7624.40564782508
4270,18932.847642105484
725,14433.81946835761
16145,4506.365997491057
14178,12733.27583638575
3979,10862.25210830984
7423,5476.566409172833
10432,7220.596644202142
6979,18298.137462694536
15289,21823.15330704071
13916,22621.254668847974
5379,2654.1233203242323
17861,22351.82802744852
3044,13187.169303223363
3452,9755.29164419224
1907,9076.450792351814
12822,15131.910096629503
13923,8330.692905221167
8363,9825.715052975733
5771,11606.12442476631
13022,9096.752593876245
3342,36188.34489194258
9109,6724.143251189913
11571,11451.358053089156
1922,15015.621954674463
5407,24201.24710905591
11890,8935.641029082797
1357,8112.320450635815
9200,11232.456748143153
7571,16909.65402755885
5891,16261.672234704822
15945,5874.78772024563
2903,13609.462522431875
3600,20240.56966692042
12410,21347.177966972922
4754,7956.414188665052
830,7233.845855336565
16728,12435.071579843821
15082,25641.12845794795
13495,6484.454767631409
14940,14278.719455489543
380,12308.675279648856
3651,6975.482969194661
17898,7890.737467091164
14085,17276.572542903996
2691,24609.677813717288
3764,17849.84760272246
2841,6609.505869587205
15813,11114.911314135657
16214,11281.115036418161
255,8106.5673657406605
15882,15953.629360669198
1481,7803.616939454159
6652,20537.741597810396
7796,20339.239155043473
7237,8675.04281764277
3511,15573.525166295476
3823,19231.80949228763
4337,16179.263874364633
736,23765.84198890473
2092,17810.97563552852
6289,10619.255004377108
14191,11348.498203221612
5244,5841.0639787126065
16118,12070.114440096497
2086,8462.117974777906
6355,6614.648009302233
620,25762.216237597975
16583,12120.632885856043
7643,13145.430636099765
15798,18748.7380271668
6659,9415.75981332824
10758,9457.131086485375
4721,16091.547646307466
438,13616.205523155477
15467,18906.287719679036
1110,11212.848375428743
17967,11735.769605672614
10824,14432.10076323321
13048,21741.619557398706
16600,32023.576428815515
5233,22123.81733158759
3421,22145.982675420117
1676,10510.771251911767
5066,8164.066793968572
6500,21715.270513235773
11849,21833.725777836353
2396,4932.6516038684495
7623,22673.00088784383
13691,14683.499335689992
16654,14968.341643386375
1483,20013.554347277706
780,18668.766808000448
14502,38478.65366852804
4562,8353.85845412559
6380,17118.643954800562
13005,10081.62028377971
3975,23347.787077202123
17888,19499.755131295064
14947,16314.294787128541
9282,9708.129078788581
9239,8083.376388327163
13734,10486.617088705923
5276,9671.78256880582
8897,5444.92242655994
17626,11538.99201891423
12500,22018.031867181806
5091,13226.09424586276
10046,8842.478713011627
15635,24049.373254074933
314,8110.840958437782
8602,7131.224656604248
8165,5996.465747413914
211,12973.736788626691
8603,8554.358501591483
13552,15255.872679519742
8642,14469.946162019314
8635,8921.115035302117
3489,21475.04867200664
2491,25359.902117303034
16601,4913.717771958607
5682,14168.566663874037
9116,14804.462839911359
2131,13411.727208087501
8877,4176.966976519411
3788,3006.270283303419
1920,12938.373474303035
2049,14960.859174340738
14548,19245.612052914774
3008,3062.376166758266
17808,13183.520174862126
6887,13303.732929722042
17298,34560.43756705615
17119,18227.41386399173
16617,13938.039214136066
14983,2911.64149915978
1655,16452.779136700345
13491,25472.787734404767
8704,8874.761991383606
1423,10156.821123400627
13722,12545.80130377574
8919,13583.400407080202
6304,14474.048094144651
2578,19925.679643115236
10155,4399.644250180763
10075,7689.706841082211
14280,15002.205796951304
17072,24840.83866528196
12623,14228.064048630122
15259,12550.381983705793
2571,1218.140025611131
353,15551.520162176956
9188,11822.10591503338
17821,4170.329346973756
16847,6088.224324616046
641,2626.8262358517227
15658,14387.189402372765
2392,16433.119982642056
15311,10502.219763588817
14893,18099.80755788278
1668,15855.088779526524
18015,7928.2116867850855
16543,7989.0703086329395
17088,8816.014367759499
16358,19537.616092352793
15845,14993.054720919858
10564,15312.481171582544
1152,7465.191752614581
17247,5401.892358314417
15842,19487.992802145785
2920,24730.577387311023
6284,6513.1152506938415
16146,7904.834765299194
7419,5289.003953903664
6799,12305.154361708359
13712,24888.881039794407
7262,23735.54216085061
1467,9034.36422295426
12005,14517.89669575228
11861,8374.851455464035
4521,9769.556363754566
4498,13145.79069509481
13703,7698.46480651143
11833,18779.59025348099
3949,9008.144427307529
5024,13011.402817766568
7787,8719.461813964812
11716,42476.33652221856
6911,23166.787226898057
7401,15005.878731290286
7961,15371.091043618742
13937,23858.812960118175
12236,15600.931675887867
15799,12837.754884798533
12526,7168.867776065158
9542,20651.856395056733
11839,7102.99114339504
15536,11809.658117262663
8641,18895.35799425754
7918,21214.617624662525
8476,12951.131181873085
16313,9813.261059581611
13065,13377.586365627229
5950,16839.22066239159
10154,24010.436225125584
14846,12141.006073293966
16921,18222.22717675777
11778,21101.836040677037
10222,13955.468901821818
12937,18294.67549015929
15775,2769.5500142485766
2899,9253.776476601433
7841,8073.856083557086
8361,5969.65953238406
10632,20463.71284565977
7350,19527.887219866803
16902,22373.7516759607
1531,1894.4203247304374
5192,3732.2781767899173
7620,8431.886003433712
11871,15577.364503936473
14210,8997.934070267072
8314,8808.196290884916
15563,12827.831129668177
16249,8297.220309051489
2158,6312.717699865567
10417,22488.001075641965
14652,27111.61685777326
5789,20735.901879703903
13872,7417.188371961638
2670,3288.0217584530287
8370,31876.664176094193
16611,14498.7988347158
10372,7590.048734204551
9251,16355.082691757827
9213,14152.168440510824
2496,10871.749002520917
666,24498.15320432469
5829,14845.876485968518
12532,14823.30698754838
5926,6500.933952978758
2338,11868.73187447152
7091,10596.57313303062
4267,15187.575098473924
8677,5872.748045203017
14010,12517.371796425981
10460,15165.989849826883
13018,7109.688578374751
8863,7735.66158159643
16545,10589.835899625043
11679,13709.240698791513
9370,7384.624908190482
7919,7883.956542711657
5892,30760.003624649227
11236,32367.169762297464
6093,8495.814132669082
3019,22586.371875967623
10130,16616.062293363826
14289,17794.77519424659
14594,13559.288285229155
9587,20440.7941071121
1544,9845.174157467061
12921,14069.263769309884
4437,10656.181244943991
16508,5887.7606476088495
7292,13272.327158466464
3928,7018.035361293817
17550,3322.7289282215393
13818,8102.181607409419
4368,30910.147458733012
16310,6443.196076425035
13611,10972.583417732789
11151,11427.833158560468
3191,11205.701020835935
1002,8049.568848895178
14600,39479.39850613569
6191,16510.176853870817
15859,17200.585343910712
1885,7055.750974389596
4803,7105.018037217794
8298,32171.73830668652
12668,7517.9313640479095
17505,6092.860081628553
10268,11297.869320094758
6021,6927.90813436358
4828,10926.068335573866
2507,4633.12450010441
17409,9705.742296441387
17705,7548.125899564016
12097,16604.47307164248
1751,10547.872374423307
154,8753.082102542849
8066,8785.243208498177
193,9544.778219314747
5134,16981.536215976383
916,6799.232243263594
16596,21006.06999301232
9911,8441.381400503678
14823,8594.53337096427
13416,11560.204292454553
13595,28609.53767174551
7136,7943.718696773705
16555,19793.79709655036
16910,12633.106273622923
11723,16970.200427408876
10322,16666.19698104572
11197,14527.91976075337
12296,8188.232749428864
15575,13562.26394829085
2071,3277.33872905187
2679,19018.18452804499
40,36078.59993573572
12150,12977.953978021456
7801,20747.77027926639
1665,8177.091737483288
5756,18866.07767168171
14262,7201.939622337271
17129,14072.289987546055
12349,8928.585191399445
5330,17686.805973388604
15103,16460.934806504694
15340,11201.737493808867
1083,10707.176381978616
6444,14827.05750605903
16524,10701.133187603398
13335,5844.754469975698
15329,4110.412038579342
6482,15029.419006393751
4810,17133.85922229912
2770,19061.038775342175
8228,14238.713417841751
12365,5466.9800791925045
6666,9209.139523570057
2224,21203.70214226064
3126,16193.173563659817
2892,37523.78298515998
8510,17547.029290064773
15303,18756.231625017495
15603,10180.909419873158
12769,14743.790995451567
15344,14770.216181833575
6915,12474.966080983246
407,11977.329218226452
2193,21538.620715537796
15659,20139.85527705901
10899,6815.268699434113
436,11977.341772192529
6420,11782.989739327875
16122,5478.121991093718
1805,25069.02801480559
14363,7697.628072330688
2123,23590.409337707028
9951,12703.101286052482
3166,8285.216452717688
7375,14338.001402437558
14031,12574.841821575885
12346,12452.05894482479
15748,8942.016713564166
17570,18739.029084889997
6815,16095.24730952663
13090,14327.865858491821
1537,24362.35197111434
15643,36880.692557182425
984,17384.74982022419
1995,2898.1833416616723
15391,15533.253563798939
6805,17807.15134912929
11082,12420.443139625044
5150,6068.744586503991
4087,12752.192157082214
6540,8856.268118070988
16307,10771.528739325526
9390,19714.267971647034
14881,8147.955658480861
16121,10283.098284421063
16741,6184.753944020254
11333,3053.31815506472
11600,13587.853055449616
1809,20605.730902795505
12595,17465.033091382666
254,3821.379835261044
8561,9103.920565803011
1144,23708.50936508113
9257,8677.129105861219
1794,22440.54586529132
8950,19216.42688300677
5562,5466.53251829232
5694,24967.519589446194
17435,13121.972296284031
1128,6216.056642251051
11338,9192.58223622381
16770,29959.912360306815
9309,7427.227126009654
6753,10998.20154557138
9961,16459.485611342527
14118,16499.8242829363
11011,9202.03118943033
15081,7852.813846223101
15610,14155.749015475092
9935,24105.858805549557
13116,12397.230992408593
6944,5973.6274363880175
15094,6390.260290606204
17562,27808.26336306545
3038,15818.423833628523
9046,1885.934320079024
4987,9606.468097442994
795,4649.22517650213
4241,3743.820136590771
9182,17448.65976517402
9838,6499.212268393497
17069,9076.350272854219
2178,12351.40243203734
9617,10698.581776351491
5746,12932.975809263422
3484,25451.185636366794
8910,14737.249143546707
1627,6507.440713588857
6149,8459.285371252266
11572,7404.9946198065
11109,23801.773597554162
2827,17031.935220520252
5816,30427.45991590299
13455,18193.900084502762
8157,16468.98975009797
17110,10471.48253278657
12339,10173.337921484122
8360,14132.447967316208
15918,8324.918489806565
274,15265.859026413895
13447,19905.20871515175
13967,23809.064413041295
17295,11943.440133431059
13696,9334.616451148655
8601,21068.82047925875
388,17085.540440506633
7455,4136.376892842734
13664,13648.990142092682
224,15096.243486319632
2465,15764.165864517376
8326,9384.8014929402
16409,19827.67623800425
4692,38648.49788933974
659,20451.13695009095
1986,13364.598700642971
15212,5381.254568830255
16557,17885.993355546216
10865,15874.354945278761
1996,11333.100401593752
3433,10505.153305279791
16269,11936.73770245927
7424,6996.6587626347755
16964,34900.679526137814
15149,15928.01060355362
11882,26675.493709574876
7185,18556.672293893225
17217,6276.383634636461
8573,15579.87432704348
5772,21381.32841163132
2311,14495.268072253004
7863,24276.514681690092
8764,13136.685586787284
5169,14090.3642086441
7059,12879.30236028493
3661,10131.635908646398
4013,5740.638080017094
6376,22080.90641403974
15059,10742.921212369998
12424,7570.84607172776
8771,32887.35583069163
5434,16314.110035762691
2152,5695.440534946881
2516,7624.472890553013
9244,17010.242141679253
6280,14320.521555013567
5929,7790.330626213233
16767,14135.250584816731
15154,16504.980764474003
16052,9473.058618144736
3164,9747.694120780227
16284,17264.711167519
12360,12156.270734270378
15301,17875.550067258784
15069,12339.76355243619
8614,12970.770681485996
7629,17970.636227359875
57,15573.858085658461
3080,19112.700125625262
3233,13990.251045802956
17398,15523.827342132141
2014,3998.149407084102
14546,10489.968786672756
13801,20976.392744919336
10894,17771.858687021
13217,8762.147765525464
7800,7631.811071283897
6475,9950.262989285877
15875,14516.88549971086
14194,11130.10309316791
4593,17880.738184553076
9597,5263.938003426892
9220,6350.447898371649
15984,28813.946575068265
2703,15028.2773602039
158,13186.04739452161
15988,12693.339491288018
8442,18018.105937751283
11654,18550.26782380196
15547,13839.355935301075
2295,14178.17272123047
10045,5842.2286769949205
13007,20804.545720389615
14817,8017.568532959808
17792,14772.891334983884
2889,17175.047022618914
14015,9642.117652394292
9424,14168.725218895694
2950,11513.792034691754
11110,21236.004020655626
15324,10799.796781683091
8231,9461.188972340275
12338,7060.228659938741
17493,7711.741133296006
9738,12762.866956185017
5469,9681.67708037282
10555,4771.39049410119
7359,15981.778718807658
3213,12835.046694553355
2743,15261.234115543664
10722,10528.517376950953
14876,11883.683265923572
12611,16993.805704485952
16504,11254.258869455556
17237,15697.534773695019
4142,14375.25656156157
2924,10294.619326091184
10797,9707.47539275546
3403,11443.65341498185
11128,10527.375857738956
14150,25569.93171765684
1515,10149.115747378413
3998,29038.707756017466
13521,11325.117600654103
4629,18991.104925036314
12039,12863.585285537774
6586,21836.536587841587
12291,37567.66169004379
11900,21756.929425822495
693,15947.517941655504
17242,14070.470684579004
71,30047.968776177488
4966,11918.813456314616
5176,7999.658355989978
13261,13654.595999740735
14367,16654.782194471143
12567,40260.94184545281
17263,11926.072234621843
10535,18159.28819078265
13819,28235.12702400135
8151,19477.118280551393
7167,2949.117891501834
3629,15599.949553359009
8185,16404.60010995878
17847,8219.090430203916
14072,33235.58782731111
8467,42236.40405944046
5250,22873.131072283417
11761,13577.177407347115
15852,15393.641615578359
11790,17756.59913406269
17913,14890.575384503152
9620,38209.218318800515
16424,16699.592029102896
4057,8635.51182475737
534,6059.580197274109
5692,6387.068594028571
16311,24430.968225443576
7920,9003.794794770027
6040,9875.131454799313
5362,7727.154947136701
4184,24319.125810899386
7326,10740.817447067922
11981,17448.537306995866
8318,16787.063550896866
3794,21370.078670960622
17816,26356.15448223584
13148,27365.697510717266
1295,15923.738814430048
13067,18782.455273582298
5438,11188.065390587146
14984,10086.054365510829
5130,45315.18182627934
16161,10374.491245335335
15067,16772.630969462352
10191,18961.856628255482
10843,25720.737590316356
11889,16271.416352891236
7953,5189.19151117198
14660,14108.710380684415
13403,14213.845823911222
9177,11914.938172497015
15795,24465.755172990936
6626,15453.462691871215
598,7337.713953841025
3850,6140.955732109028
16347,22295.48487802834
18011,6957.18848892715
2374,1233.1948736628353
11566,16403.86338849828
8290,10585.788319953397
7551,11393.997239515802
9658,33688.74869932125
12562,6391.684111949238
6271,11638.662350603214
8237,14114.503701412452
5576,4225.291258133909
261,9056.323389885194
9978,28210.609899263814
6163,10629.654321309634
13971,8881.369630535699
7407,4058.077307543047
15869,12862.048696859074
3568,21377.598476308096
17390,11899.272785313544
12602,6349.1706348453245
11957,6476.2332855009245
14997,9509.31239516028
16925,35473.63998419468
6648,27380.080129145143
7906,11612.339992462516
9954,8530.522292168926
3224,8816.086048888497
10815,13299.660754260762
3672,10697.45311916202
15299,8601.280547502614
14934,23119.03946156785
7312,15469.168385270403
14351,14714.790023819138
6968,9303.006747509837
8332,13191.641590895415
287,19739.17875516484
15378,9641.502841119609
11768,20486.828054589194
4041,17758.877264510702
16877,1727.8185503964744
12893,6979.706701640649
17177,23653.737845767384
8514,15191.091655280312
5202,8092.026682562216
15120,13591.09863395007
12267,11674.616231903086
7170,16101.363356493888
9161,13758.881656361707
4423,7638.474514057877
3748,28804.379268663215
12816,8785.744531133374
14128,37921.64654914819
17010,22402.971855930948
6107,9288.265229049413
9463,8946.536799288537
13391,16169.037211150711
12129,12021.35393281155
2564,7883.491577279871
5952,7927.017058049366
6560,9968.22773865054
6889,6799.248170557755
6494,44174.005245437416
10230,13980.258840366587
11330,8827.503042566306
14830,8450.27125063581
12154,11793.467262214324
4134,5662.779534190792
490,26755.019221672435
14512,20334.670263213557
4089,17936.280826201055
17633,13797.239620343966
5054,6184.4375124212065
12084,26673.412317733637
15740,12807.471557243241
10756,12244.568362962076
3734,25802.643118972243
11857,13503.210147131536
17919,7490.290821763989
17873,13756.01600257943
6208,26422.300318798643
8818,6176.884370277749
16108,24804.55189364094
9135,29951.971879701672
16386,4982.681408439969
11065,15493.924436966206
8496,19645.72303045843
11349,11721.537611701226
7686,8556.953862433345
17978,14260.726151818104
13830,31903.36261260452
17734,6756.092765690961
5807,7718.481341154793
9123,9499.698562017233
5475,8547.65556172943
17277,38601.095572135215
16415,23566.04297231859
6738,6490.314034423205
3591,12642.850052077942
1023,10633.63895424646
17921,6429.7164378748075
5867,7002.297222790418
11638,27236.339181949537
4904,7796.417271773361
16196,12298.766525430263
7991,11968.080862336326
12687,10717.510735243653
16169,20419.456550535368
4071,12524.543828648204
14453,6495.049729871796
9507,12032.487082905198
8969,29716.250876049326
10331,9818.145506052218
1472,8126.615648235381
8152,33721.98243047429
1097,20678.019530452133
2215,19480.125490657283
3010,9997.917583757875
16425,10393.630635905072
13740,13884.112111043474
9487,12635.62150723664
11822,10545.701251553768
7736,9514.898593027001
15593,14194.340307097098
6543,6874.299836129026
9828,30010.816179021724
8965,8337.80148172104
66,10811.654836385467
8941,13207.04989916602
12238,20393.019509685735
8540,23541.091813332157
10853,9778.692893021827
5156,13922.84345205444
10207,12240.441516238148
1103,6241.889523602094
2248,25452.56513126619
1484,16221.943943575194
1192,13680.298100388007
2574,10279.458942908052
2268,10015.258532090105
3033,12916.0480664929
5307,20291.853254950976
15537,19264.92919947117
12986,8514.103013984375
4583,17085.348663143064
14058,18855.63889064207
4494,8586.233123272585
8554,10334.031166763356
10838,28913.18497419537
17343,15612.55955376306
11427,7673.925962735445
3866,16335.716703068534
225,8443.169079757494
4669,6786.820445391204
13476,6190.924411022785
760,16676.036755932666
10747,9002.883303614297
3572,11440.480168295971
16597,29767.133399488135
10366,31554.194116763767
9410,19693.601673560115
11752,8010.0901490023725
4346,4842.500489530468
15479,18888.776912719335
11596,40362.62932134884
16800,10661.478867201116
13373,26749.852796945343
16051,9041.213272405468
7286,7520.619731503017
182,8089.2981982107885
26,19563.540990556496
2434,10785.586345236083
4644,4883.620010821514
2828,24991.51097702926
6506,24247.2638712695
1499,6516.609552686671
8852,19301.580851414314
7472,11054.069420369638
5123,8687.63292272743
4915,9937.153130708126
9075,23287.23454531577
138,8707.841439778242
7823,5088.525876786956
5763,11042.326527193442
4036,6956.372244361222
3983,14273.537492554482
9751,12711.811134314192
10819,12364.678020442592
9062,20528.448991760804
8158,9963.452312503036
12963,14273.314734593645
14558,10781.035485912242
4628,5969.150803889407
6339,5445.095414878911
8562,9211.656663621812
8878,13387.852277791131
17214,13382.20572931046
13150,12612.241858187825
8128,16167.684906609426
7688,14444.450106002469
17559,23841.121071737438
3064,15415.373159443037
6528,13618.102368048852
10215,9556.270283185604
7351,17517.349167448665
14190,11076.159791457116
2218,8222.83157911442
6108,14241.80726370757
9592,7728.859554812211
4858,21444.902807702416
12817,9171.945517941645
3328,14778.707073885324
12139,22275.579144632164
2035,30366.805602822627
11360,10161.741082159715
2276,9306.35450587674
566,17140.96044268864
5342,13892.785539118628
7275,4861.458612933686
7651,21637.44597022492
5560,20498.12397248107
2933,13240.668529405299
9504,4633.710419097344
12608,18701.341022102966
17788,7186.4802593596805
1521,9849.077062150922
11045,8414.733637944133
11473,13820.372761782177
13842,9937.717869964466
12812,54151.83783672488
3516,16696.629343356683
10727,21838.40423945396
10,8214.170967555567
9525,9719.11065544495
11359,14013.76790910846
10687,9671.056062067308
8216,8130.170360108965
11471,6310.571504756492
9579,7783.583249092137
7387,14291.164458859837
5814,14395.245207071539
6766,12283.63249869697
5208,9097.879208804223
6489,24404.419786357907
11154,11794.31686254892
13134,8056.346142402718
17870,7298.600279679336
7886,16484.866595259675
5119,31194.127485384368
7241,9529.045563726533
7995,9930.263774206844
1856,20385.49728104303
12603,13254.306394486472
8456,11895.608132859683
186,8779.808947074518
5211,11823.135100114616
5783,12372.541912885934
16810,11125.352753852549
11317,7825.096503287378
10334,10702.619787708905
12153,10313.276554011178
3466,18236.12376098713
13711,24459.548411144795
8443,10250.433537028988
8248,27758.11251651427
3215,9821.873018036446
16187,13252.996262959765
12813,13383.747426582378
5718,17220.31111896102
6477,19431.04786395591
7288,8414.990395093535
10544,9734.76110461532
8002,14045.080572106492
11132,26254.702581217804
17334,11354.81220125616
6596,23082.875569950418
1198,15608.753775703648
8760,14985.572703952741
11962,10206.546474195271
16740,18032.568013145257
6902,13911.042776110162
1587,18454.850732687133
17195,23478.39100182281
4245,18067.77377176568
14894,29095.45431230108
10903,15089.123912823066
4392,32566.25639113115
9550,18156.521549233446
12131,12651.672763239825
14447,14218.683753564688
2211,19174.621576890662
8558,34589.38128802663
12742,8723.704808519093
3202,26763.128646752684
5008,20072.366160503894
11694,18096.887819007938
4685,5211.106701226619
12690,16181.422482379725
1407,20145.991852687624
7056,12704.089173728196
12617,17058.232176464157
10492,11113.247985606818
12997,11988.231208571586
17997,37007.67897699545
8754,13194.68115053931
891,8740.123550356624
12328,7128.059035998677
2144,15599.949553359009
2239,5222.383551518306
1096,14777.184555946564
9237,33981.22932219981
5397,13358.653606288486
13770,8973.027149425576
16551,16989.750063049323
1116,7779.1247115222895
13851,14190.06062551284
7330,15473.427321086996
11630,10291.496139375364
13980,14121.195860633967
13526,10471.924725850593
8327,12709.751161436807
3956,8448.51797013517
8536,9615.07341130621
9180,31156.278404841512
13795,17524.539777337905
4345,4504.30759058591
14977,10944.157496013844
12083,8767.333328789697
8827,14571.73096938313
5998,4404.566331081512
5993,9270.9023291883
17062,18542.482394915245
12395,11888.959371976987
11490,12404.855010007019
3076,34568.90539125426
1766,19447.36032579951
15713,15023.954792435823
12693,8675.541749443104
14648,21742.621426396698
16495,22195.14603615993
11673,9515.686064967582
15205,9312.664248799685
16204,24848.26398622644
16837,13294.900294207197
5544,8410.654191442965
9481,12912.427309732779
15363,9136.827902731618
3100,20550.485483422737
7127,4300.346648825467
13256,15152.234239206058
2650,16497.823133477978
8844,19380.78286780484
4861,15075.53922500567
203,12849.57627990358
4994,22632.121326033877
11938,12647.73217260547
2443,10631.431460386822
17974,28053.06971312739
8864,10509.135443087665
767,10756.60578598156
911,6279.398780953237
8381,7886.267839128075
17767,13957.14339580004
12235,8051.001650776928
6440,7040.785142217124
580,17607.814629130076
7287,10263.557265118372
3181,17401.677698610445
11021,36527.97007757643
11032,22824.975804494166
1944,8862.558251202769
14060,26311.735972285245
1303,13105.880558457535
4973,42564.434684217245
1216,12207.087625006385
12504,8932.319627355453
17395,6732.365517177921
3409,17547.397523547508
15805,7333.132138560155
9333,38863.27279953266
956,11041.446226926111
800,6879.61413688794
3932,9664.259479074302
3250,6537.079164865609
15710,6664.039433037828
10121,21880.29757413812
12335,22595.15117823234
8101,23917.621066604457
15111,15876.959617869266
8772,21198.69363241563
6955,7119.146514010003
222,5177.925377277206
4860,14480.733424542159
13586,7931.602699677303
14564,13917.588613585003
13069,17555.97934144654
12191,15874.268763041378
11260,10189.507908394527
2537,11172.777356647854
14476,32611.788881283795
13578,9892.837281494229
6716,7994.887147559638
9011,14933.509027603955
17417,34487.11278325981
12283,6968.1854866798885
9659,31592.858877475268
2510,9084.667520619701
748,13744.953242984355
7044,18068.028539514202
17275,13210.038126371555
7152,30079.047075846654
1463,9574.245482791459
16427,8132.7654936842955
181,7918.011485222504
13804,8996.964029731529
15130,13368.11637180173
13145,27528.952203249944
919,14440.324352611628
7799,6470.509356531391
17216,10467.482743641434
10608,5388.758912155991
14760,15245.362136396221
8274,7342.323103651402
12007,11771.723229993684
6728,9608.559784892448
1283,12810.199930848941
1337,31427.028931669152
15600,11782.709618952884
10668,15647.121795605835
15272,20550.56128930181
1399,11942.386745664882
14050,18831.935904547187
5809,6912.160311237125
10646,21350.802379091572
17418,32615.621961572648
6518,19356.25740731976
16086,24269.992554510674
3240,6096.277788154655
6296,6056.816450418684
17131,8774.448865591183
5367,10044.58027861816
2959,7405.01239451551
15956,20246.156200795103
13444,14320.908682958978
16015,7968.355854982444
4231,11693.694501986003
8966,6238.83010495194
17794,8464.362704225783
16134,15366.285378578006
10342,23493.261212594396
15890,13905.130607752764
16591,12929.814895668409
14370,12654.87739052609
1300,11384.993874154396
218,11532.843052353706
1121,18140.44727581641
9878,9518.195440371153
5092,24155.901614689865
13433,23893.547912530277
8027,15743.667548197825
12427,4421.665397181835
14638,24939.586728541635
13281,19997.44461170197
4396,10168.402015621206
7782,9032.12545594538
12879,8099.531917052574
14008,13736.740316282077
9521,10341.769913459239
2615,13176.02141202623
2960,15799.061215823485
476,20196.51015597497
8399,15724.708168039138
9195,16521.368780205215
1686,23162.52678330972
6954,7977.614339475925
10321,7512.056325551166
8208,10301.095366152518
7325,6501.855032035491
9926,19184.229068552595
6156,5599.136868763954
17267,21231.47712927643
202,23773.090448219795
16799,10236.694364506206
1205,7600.95420622113
6180,7519.736550819714
3908,19469.763033618307
9342,11634.492396575992
873,11018.600600240852
16923,36495.69757468938
14931,6459.257451879147
1246,11585.480393872376
15331,6037.41947854868
11505,8457.378478126811
16699,18025.56049556362
8730,17810.019818717454
3026,12943.84325805563
5502,8050.942136862
17118,5384.928177085501
14832,14928.130314098413
12587,8712.10061196421
9801,8524.541446268135
5230,11988.061509203806
5842,10948.561516176636
12716,8708.477238286963
5725,14450.639148724562
13419,15269.662183708815
11216,36008.88108209946
14159,19628.114209753392
10508,26167.950664496737
11787,8028.670292672275
3698,13000.209191656875
8437,12269.740775110475
13679,12232.498401245131
3211,11384.707754500454
11155,11501.038077426902
7343,14609.054793551943
9138,19522.988030475997
12413,15671.521549494455
3874,12250.78368275659
917,12737.664484411205
2757,11041.791278580615
13383,15138.565990870045
14639,17438.932317580948
16298,4280.832365664371
11731,15880.22198997721
6868,10689.938197183426
16107,8421.34188358359
8794,9041.904364130498
2893,17704.630631069587
11961,13162.33875435021
3161,7455.908849868146
11574,8491.561995854438
411,14234.707065217923
7498,6260.269908015297
14521,8264.21728920363
5869,12061.829211877686
5466,7589.07280100516
11431,23722.22880735384
14613,5655.754481257419
2908,16329.163074913424
12473,6113.234887969361
5269,5019.715935747446
4638,34890.196021073854
13054,17287.933961411527
3520,16010.17974919286
7132,24598.729225842446
3613,14899.091365082106
3720,37521.17238395464
642,4957.544576129645
7369,12050.997219389512
12437,7368.621488647169
10547,6796.963851330711
4457,16207.332461723254
125,10300.93403157944
12499,11678.658767772062
4729,9615.91602609709
16815,14200.169741705624
15073,18241.78250402306
13357,16151.944647103133
9918,33154.46814952968
12148,9695.34104622269
17249,13677.393513801722
10616,6113.432432262897
16965,15582.709706248233
4015,16675.39482133888
14189,11080.464308322398
5456,7883.0337499665875
10624,15728.017376190699
1425,42873.531119062005
6202,17509.928876753336
12382,13279.945406991501
14986,10735.406095845821
11130,12099.649874758463
3724,7657.910847969107
14427,12869.690456801658
8115,7973.359074337822
17460,23875.77169530632
10435,8189.972523188126
1332,6271.171647756773
7695,10643.08139414166
13573,13163.341823527573
7280,6766.468885936139
3978,13499.789829931598
13757,14772.991927177407
3827,8178.501060509146
10791,6130.272391570799
12168,8333.586234413455
6069,13860.102495685414
13520,4721.57895830295
7537,4722.577111687342
10609,30261.46486200877
3351,7886.6792288335855
16213,10528.771990771735
10768,41029.050774998206
17425,12270.968381884046
15810,19442.614734208673
378,9678.284299288222
7684,14004.260328389797
7348,13180.160259467953
12996,16945.424321631424
5726,19025.35565807069
2922,13067.678215317137
11230,6453.136799399475
9760,32159.765998468873
251,8095.385813545114
10857,3314.2886221020617
655,10372.817048145147
1204,30053.563851357572
4034,14392.879965135018
4557,16981.14495991662
13533,7909.987256622963
10248,22375.02567279187
7773,16648.7826244092
6018,19307.484087197143
16301,7195.667546857214
16088,13136.632321996693
8729,8959.892568523674
10736,15300.962261654286
8631,10379.818569319508
11150,7972.47885473615
2735,12294.705389701317
6456,11113.693666538578
7938,13168.085352004151
10855,11546.451034635395
9396,10251.651317524616
8615,15970.642832519798
4684,13318.511822726958
14281,9661.96868251663
2125,30533.160583537963
548,9770.605280112462
1934,18789.244997085378
6230,20793.168440128058
17735,11325.917082727972
1237,1826.6276436569613
15789,11344.458982340571
16407,17288.895439277057
16150,22532.094209661067
10978,7869.887914620472
3702,26723.643853273483
419,27558.004121892194
2605,23018.903866843782
506,5263.938003426892
11353,15199.367792721985
11798,16416.08739573863
5997,11082.881402522644
16511,8829.48213941868
10873,9864.259537261323
949,7639.963540112208
17412,11616.999758807442
13356,9635.442829101985
3127,24875.75721452194
3523,14077.410506001233
14327,41420.872064878335
16234,6386.642867282294
9378,9011.18867130073
281,9933.619733258425
5305,8947.520584223697
17073,15862.39239008692
13531,8169.644731804093
15283,17272.20630685579
7101,12210.523449697788
14199,20509.86995360254
16167,6174.97156987525
10057,22856.415320020747
12848,2540.9579703609525
4362,12359.44610584084
1133,15895.282748401922
8744,4769.5368721131435
13027,30079.960432456955
15555,8827.177809784793
12675,8160.037481039047
394,7220.596644202142
13972,11125.860842767484
3778,5600.416368123368
1255,8019.316312620985
3663,32553.119124872122
17630,12369.974543747901
2467,12702.228985578839
8278,12463.14862280803
12618,10152.67243449429
1428,15083.933556725076
9039,14089.07539358278
8714,22500.452335579765
9212,35460.066698576695
12428,6898.0377707546795
15255,9492.897230541364
6824,18913.437465794137
147,26358.610764989546
2112,8676.026295956206
7740,9769.628487377344
13921,7246.978736084369
9562,18289.318425438243
1085,24002.234699991714
9205,12339.477309301288
3586,32967.74929063078
3475,18385.92963331463
7303,12002.160624897171
8823,6625.017524338465
945,5882.044757277448
13114,8334.243858702179
5413,19243.046375911363
1560,12057.029264872306
6210,11864.838055776181
61,21388.728586692676
14361,25945.328128594323
6481,18264.23274209865
6424,10505.632960045914
6850,14376.374179747549
6059,16192.327713319051
10047,15978.761411220505
2405,18632.80275520366
1932,18875.257669906896
11569,11955.833001827748
17124,9883.549267734774
372,12848.315087978874
14354,4959.470475666247
14457,14866.01146398869
15186,13213.209134107772
1102,19870.646266108823
11382,5947.0867959477255
14044,11840.70752383091
11136,14439.26626148009
6785,9811.191162664863
615,31170.009682063308
2931,11291.246472167242
9993,10754.517155287354
8946,14567.906459359341
1379,16660.585617052322
17039,13551.895615255597
323,18727.662127425483
9304,10244.824426788668
16426,17024.41555562134
3674,16610.950056188118
16041,13714.94123329501
15435,12890.410629995455
12625,8067.964633117056
14195,9271.688050162742
10330,6480.807539849066
14297,10023.398040486336
9238,7491.999097579992
10055,12243.230120998385
3060,5477.474395921779
10449,6971.382199287834
7403,14169.429860545268
14959,14638.898219055176
10125,19953.2862346877
9275,12438.564285679362
1812,18814.920274435797
3521,12821.861200656847
